-- phpMyAdmin SQL Dump
-- version 5.0.4
-- https://www.phpmyadmin.net/
--
-- Хост: 127.0.0.1:3306
-- Время создания: Май 17 2021 г., 10:15
-- Версия сервера: 10.3.22-MariaDB
-- Версия PHP: 7.3.26

SET SQL_MODE = "NO_AUTO_VALUE_ON_ZERO";
START TRANSACTION;
SET time_zone = "+00:00";


/*!40101 SET @OLD_CHARACTER_SET_CLIENT=@@CHARACTER_SET_CLIENT */;
/*!40101 SET @OLD_CHARACTER_SET_RESULTS=@@CHARACTER_SET_RESULTS */;
/*!40101 SET @OLD_COLLATION_CONNECTION=@@COLLATION_CONNECTION */;
/*!40101 SET NAMES utf8mb4 */;

--
-- База данных: `www_project`
--

-- --------------------------------------------------------

--
-- Структура таблицы `admin`
--

CREATE TABLE `admin` (
  `name` varchar(20) COLLATE latin1_general_ci NOT NULL,
  `pass` varchar(40) COLLATE latin1_general_ci NOT NULL
) ENGINE=InnoDB DEFAULT CHARSET=latin1 COLLATE=latin1_general_ci;

--
-- Дамп данных таблицы `admin`
--

INSERT INTO `admin` (`name`, `pass`) VALUES
('admin', 'd033e22ae348aeb5660fc2140aec35850c4da997');

-- --------------------------------------------------------

--
-- Структура таблицы `books`
--

CREATE TABLE `books` (
  `id` int(11) NOT NULL,
  `book_isbn` varchar(20) CHARACTER SET utf8 NOT NULL,
  `book_title` varchar(60) CHARACTER SET utf8 DEFAULT NULL,
  `book_author` varchar(60) CHARACTER SET utf8 DEFAULT NULL,
  `book_image` varchar(40) CHARACTER SET utf8 DEFAULT NULL,
  `book_descr` text CHARACTER SET utf8 DEFAULT NULL,
  `book_price` decimal(6,2) NOT NULL,
  `publisherid` int(10) UNSIGNED NOT NULL,
  `book_kol` tinyint(12) UNSIGNED NOT NULL DEFAULT 1
) ENGINE=InnoDB DEFAULT CHARSET=latin1 COLLATE=latin1_general_ci;

--
-- Дамп данных таблицы `books`
--

INSERT INTO `books` (`id`, `book_isbn`, `book_title`, `book_author`, `book_image`, `book_descr`, `book_price`, `publisherid`, `book_kol`) VALUES
(1, '978-0-321-94786-4', 'Learning Mobile App Development', 'Jakob Iversen, Michael Eierman', 'mobile_app.jpg', 'Тепер одна книга може допомогти вам освоїти розробку мобільних додатків на обох лідируючих на ринку платформах: iOS від Apple та Android від Google. Ідеально підходить як для студентів, так і для професіоналів, Learning Mobile App Development - єдиний підручник із повним паралельним охопленням iOS та Android. За допомогою цього посібника ви можете освоїти будь-яку платформу або обидві - і глибше зрозуміти проблеми, пов’язані з розробкою мобільних додатків.\r\n\r\nВи розробите фактичний робочий додаток як на iOS, так і на Android, освоюючи весь життєвий цикл розробки мобільних додатків, починаючи від планування, закінчуючи ліцензуванням та розповсюдженням.\r\n\r\nКожен навчальний посібник у цій книзі був ретельно розроблений для підтримки читачів із різним фоном та був апробований на практичних курсах для розробників. Якщо ви новачок у iOS, ви також знайдете просте практичне введення в Objective-C, рідну мову Apple.', '20.00', 6, 100),
(2, '978-0-7303-1484-4', 'Doing Good By Doing Good', 'Peter Baines', 'doing_good.jpg', 'Doing Good By Doing Good, показує компаніям, як покращити результат, впроваджуючи привабливу, справжню та покращуючу програму, яка допомагає персоналу та бізнесу процвітати. Міжнародний консультант з КСВ Пітер Бейнс спирається на уроки, отримані з викликів, з якими стикалася його кар\'єра поліцейського, судового слідчого та засновника \"Hands through the water\", щоб описати австралійський ландшафт КСВ та фактори, що складають програму, яка приносить користь усім, хто бере участь . Тематичні дослідження ілюструють реальний вплив КСВ як на бізнес, так і на суспільство, з чіткими вказівками щодо максимального залучення, залучення всіх працівників та покращення результатів. Тематичні дослідження визначають компанії, які зосереджуються на створенні спільної цінності у вирішенні викликів суспільства, водночас приносячи сильну економічну віддачу.\r\n\r\nЗараз споживачі очікують, що великі підприємства з постійно зростаючим прибутком повернуть громаді, з якої цей прибуток випливає. У той же час акціонери вимагають своєї частки і раді дивідендам, що зростають. Отримати це правильно - це рівновага, і \"Doing Good\", \"Doing Good\" допомагає компаніям окреслити план дій для його досягнення.', '20.00', 2, 97),
(3, '978-1-118-94924-5', 'Programmable Logic Controllers', 'Dag H. Hanssen', 'logic_program.jpg', 'Програмовані логічні контролери (ПЛК), що широко використовуються в промисловій та виробничій автоматизації, виконують широкий спектр електромеханічних завдань з безліччю механізмів введення та виведення, розроблених спеціально для роботи в суворих умовах навколишнього середовища, таких як автомобільні та хімічні заводи. Програмовані логічні контролери: практичний підхід використання CoDeSys - це практичний посібник для швидкого набуття знань у розробці та експлуатації ПЛК на основі стандарту IEC 61131-3. Використовуючи вільно доступний * програмний інструмент CoDeSys, який широко використовується в проектах автоматизації промислового дизайну, автор застосовує надзвичайно практичний підхід до проектування ПЛК на реальних прикладах. Інструмент проектування, CoDeSys, також має вбудований симулятор / програмний PLC, що дозволяє читачеві виконувати вправи та перевіряти приклади.', '20.00', 2, 98),
(4, '978-1-1180-2669-4', 'Professional JavaScript for Web Developers, 3rd Edition', 'Nicholas C. Zakas', 'pro_js.jpg', 'Якщо ви хочете розкрити весь потенціал JavaScript, дуже важливо зрозуміти його природу, історію та обмеження. З цією метою ця оновлена ​​версія бестселера від автора-ветерана та гуру JavaScript Ніколаса Закаса охоплює JavaScript від самого початку до сучасних втілень, включаючи DOM, Ajax та HTML5. Zakas показує, як розширити цю потужну мову відповідно до конкретних потреб та створити динамічні користувальницькі інтерфейси для Інтернету, які стирають межу між робочим столом та Інтернетом. Наприкінці книги ви будете чітко розуміти суттєві досягнення у веб-розробці, оскільки вони пов’язані з JavaScript, і ви зможете застосувати їх на своєму наступному веб-сайті.', '20.00', 1, 54),
(5, '978-1-44937-019-0', 'Learning Web App Development', 'Semmy Purewal', 'web_app_dev.jpg', 'Охопіть основи розробки веб-додатків, створивши простий додаток із підтримкою баз даних з нуля, використовуючи HTML, JavaScript та інші інструменти з відкритим кодом. За допомогою практичних посібників цей практичний посібник показує недосвідченим розробникам веб-додатків, як створити користувальницький інтерфейс, написати сервер, побудувати зв\'язок клієнт-сервер та використовувати хмарну службу для розгортання програми.\r\n\r\nКожна глава включає практичні проблеми, повні приклади та розумові моделі робочого процесу. Ця книга, яка ідеально підходить для курсів на рівні коледжу, допоможе вам розпочати розробку веб-додатків, надавши вам надійну основу в процесі.', '20.00', 3, 100),
(6, '978-1-44937-075-6', 'Beautiful JavaScript', 'Anton Kovalyov', 'beauty_js.jpg', 'JavaScript, мабуть, є найбільш поляризуючою та неправильно зрозумілою мовою програмування у світі. Багато хто намагався замінити його як мову Інтернету, але JavaScript вижив, еволюціонував і процвітав. Чому мова, створена таким поспіхом, досягла успіху там, де інші зазнали невдачі?\r\n\r\nЦей посібник дає вам рідкісний погляд на JavaScript від людей, близьких до нього. Розділи, зроблені експертами доменів, такими як Джейкоб Торнтон, Арія Хідаят та Сара Чіппс, показують, що їм подобається у їх улюбленій мові - чи це перетворення найбільш страшних функцій у корисні інструменти, чи як JavaScript можна використовувати для самовираження.', '20.00', 3, 100),
(7, '978-1-4571-0402-2', 'Professional ASP.NET 4 in C# and VB', 'Scott Hanselman', 'pro_asp4.jpg', 'ASP.NET - це зробити вас максимально продуктивними при створенні швидких та безпечних веб-додатків. Кожен випуск ASP.NET стає кращим і видаляє багато нудного коду, який раніше потрібно було встановити, полегшуючи загальні завдання ASP.NET. У цій книзі неперевершена команда авторів проведе вас через всю широту ASP.NET та нові захоплюючі можливості ASP.NET 4. Автори також покажуть вам, як максимізувати безліч функцій, які пропонує ASP.NET ваш процес розробки плавніший та ефективніший.', '20.00', 1, 32),
(8, '978-1-484216-40-8', 'Android Studio New Media Fundamentals', 'Wallace Jackson', 'android_studio.jpg', 'Android Studio New Media Fundamentals - це новий медіа-посібник, що охоплює концепції, центральні для мультимедійного виробництва для Android, включаючи цифрові зображення, цифрове аудіо, цифрове відео, цифрові ілюстрації та 3D, використовуючи пакети програм з відкритим кодом, такі як GIMP, Audacity, Blender та Inkscape. Ці професійні програмні пакети використовуються для цієї книги, оскільки вони є безкоштовними для комерційного використання. Книга спирається на основоположні концепції растрових, векторів та осцилограм (аудіо) та вдосконалюється в міру просування розділів, висвітлюючи, які нові медіа-активи найкраще використовувати для Android Studio, а також ключові фактори щодо робочого процесу оптимізації сліду даних. і чому новий медіа-вміст та оптимізація нових медіа-даних є настільки важливими.', '20.00', 4, 84),
(9, '978-1-484217-26-9', 'C++ 14 Quick Syntax Reference, 2nd Edition', '	Mikael Olsson', 'c_14_quick.jpg', 'Цей оновлений зручний короткий посібник C ++ 14 - це стисле посилання на код та синтаксис, засноване на нещодавно оновленому випуску популярної мови програмування C ++ 14. Він представляє основний синтаксис C ++ у добре організованому форматі, який може бути використаний як зручний довідник.\r\n\r\nУ цій книзі ви не знайдете жодного технічного жаргону, роздутих зразків, витягнутих уроків історії чи дотепних історій. Що ви знайдете, це мовна довідка, яка є короткою, зрозумілою та доступною. Книга наповнена корисною інформацією і є обов’язковою умовою для будь-якого програміста на C ++.\r\n\r\nУ довіднику з швидкого синтаксису C ++ 14, друге видання, ви знайдете стисле посилання на синтаксис мови C ++ 14. Він має короткі, прості та цілеспрямовані приклади коду. Ця книга включає добре викладений зміст та вичерпний покажчик, що дозволяє легко оглянути.', '20.00', 4, 100),
(10, '978-1-49192-706-9', 'C# 6.0 in a Nutshell, 6th Edition', 'Joseph Albahari, Ben Albahari', 'c_sharp_6.jpg', 'Якщо у вас є запитання щодо C # 6.0 або .NET CLR та його основних збірок Framework, у цьому посібнику з бестселерів є відповіді, які вам потрібні. C # став мовою незвичної гнучкості та широти з моменту своєї прем\'єри у 2000 році, але це постійне зростання означає, що ще потрібно ще багато чому навчитися. Це ретельно оновлене шосте видання, організоване навколо концепцій та випадків використання, забезпечує середнім та просунутим програмістам стислу карту знань на C # та .NET. Зануртесь і дізнайтеся, чому цей посібник із «Погорелими скорлупами» вважається остаточним посиланням на C #.', '20.00', 3, 97);

-- --------------------------------------------------------

--
-- Структура таблицы `customers`
--

CREATE TABLE `customers` (
  `customerid` int(10) UNSIGNED NOT NULL,
  `name` varchar(60) CHARACTER SET utf8 NOT NULL,
  `address` varchar(80) CHARACTER SET utf8 NOT NULL,
  `city` varchar(30) CHARACTER SET utf8 NOT NULL,
  `zip_code` varchar(10) CHARACTER SET utf8 NOT NULL,
  `country` varchar(60) CHARACTER SET utf8 NOT NULL
) ENGINE=InnoDB DEFAULT CHARSET=latin1 COLLATE=latin1_general_ci;

--
-- Дамп данных таблицы `customers`
--

INSERT INTO `customers` (`customerid`, `name`, `address`, `city`, `zip_code`, `country`) VALUES
(37, 'Alex', 'zaliznichna24', 'Kherson', '75113', 'Ukraune'),
(39, 'Terasov Dima', 'Illicha 32', 'Kherson', '75300', 'Ukraine'),
(41, 'Oleksandra', 'Ushakova 43', 'Kherson', '75300', 'Ukraine'),
(42, 'Olga', 'Ushakova 43', 'Kherson', '75300', 'Ukraine'),
(43, 'Ruslan', 'Ushakova 43', 'Kherson', '75300', 'Ukraine'),
(44, 'Anton Skripka', 'Ushakova 43', 'Kherson', '75300', 'Ukraine'),
(81, 'Олександр Шейко', 'Залізнична', 'Херсон', '75113', 'Україна'),
(89, 'Адмін', 'Адмінська 34', 'Херсон', '75113', 'Україна');

-- --------------------------------------------------------

--
-- Структура таблицы `mail`
--

CREATE TABLE `mail` (
  `id` int(10) NOT NULL,
  `inputName` varchar(20) NOT NULL,
  `inputEmail` varchar(20) NOT NULL,
  `textArea` varchar(200) NOT NULL
) ENGINE=InnoDB DEFAULT CHARSET=utf8;

--
-- Дамп данных таблицы `mail`
--

INSERT INTO `mail` (`id`, `inputName`, `inputEmail`, `textArea`) VALUES
(29, '12345aaakkk', '12345@gmail.com', '12345sfdgdfhfdshsrtj'),
(30, 'Alex', 'stalker45251@ukr.net', 'testtesttesttesttesttesttesttest1111testtest'),
(31, 'Artem Musika', 'Artem34241@mail.ru', 'sssssssssssjnnnndndndndnd1133bv3v3vvvv');

-- --------------------------------------------------------

--
-- Структура таблицы `news`
--

CREATE TABLE `news` (
  `news_id` int(10) NOT NULL,
  `numb` varchar(30) NOT NULL,
  `nam` varchar(50) NOT NULL,
  `eemail` varchar(50) NOT NULL
) ENGINE=InnoDB DEFAULT CHARSET=utf8;

--
-- Дамп данных таблицы `news`
--

INSERT INTO `news` (`news_id`, `numb`, `nam`, `eemail`) VALUES
(11, '+380630233456', 'Alex', 'stalkket45251@mail.ru'),
(12, '3806665493', 'Igor', 'track5647@ukr.net'),
(16, '3794994733', 'aaaa', 'stakker5476289@ukr.net');

-- --------------------------------------------------------

--
-- Структура таблицы `orders`
--

CREATE TABLE `orders` (
  `orderid` int(10) UNSIGNED NOT NULL,
  `customerid` int(10) UNSIGNED NOT NULL,
  `total_price` decimal(6,2) DEFAULT NULL,
  `date` date DEFAULT current_timestamp(),
  `ship_name` char(60) CHARACTER SET utf8 NOT NULL,
  `ship_address` char(80) CHARACTER SET utf8 NOT NULL,
  `ship_city` char(30) CHARACTER SET utf8 NOT NULL,
  `ship_zip_code` char(10) CHARACTER SET utf8 NOT NULL,
  `ship_country` char(20) CHARACTER SET utf8 NOT NULL
) ENGINE=InnoDB DEFAULT CHARSET=latin1 COLLATE=latin1_general_ci;

--
-- Дамп данных таблицы `orders`
--

INSERT INTO `orders` (`orderid`, `customerid`, `total_price`, `date`, `ship_name`, `ship_address`, `ship_city`, `ship_zip_code`, `ship_country`) VALUES
(17, 37, '80.00', '2021-04-23', 'Alex', 'zaliznichna24', 'Kherson', '75113', 'Ukraune'),
(19, 39, '120.00', '2021-04-23', 'Terasov Dima', 'Illicha 32', 'Kherson', '75300', 'Ukraine'),
(21, 41, '80.00', '2021-04-24', 'Oleksandra', 'Ushakova 43', 'Kherson', '75300', 'Ukraine'),
(22, 42, '140.00', '2021-04-24', 'Olga', 'Ushakova 43', 'Kherson', '75300', 'Ukraine'),
(23, 43, '180.00', '2021-04-24', 'Ruslan', 'Ushakova 43', 'Kherson', '75300', 'Ukraine'),
(24, 44, '20.00', '2021-04-24', 'Anton Skripka', 'Ushakova 43', 'Kherson', '75300', 'Ukraine'),
(58, 81, '1920.00', '2021-05-15', 'Олександр Шейко', 'Залізнична', 'Херсон', '75113', 'Україна'),
(66, 89, '800.00', '2021-05-17', 'Адмін', 'Адмінська 34', 'Херсон', '75113', 'Україна');

-- --------------------------------------------------------

--
-- Структура таблицы `order_items`
--

CREATE TABLE `order_items` (
  `orderid` int(10) UNSIGNED NOT NULL,
  `book_isbn` varchar(20) COLLATE latin1_general_ci NOT NULL,
  `item_price` decimal(6,2) NOT NULL,
  `quantity` tinyint(5) UNSIGNED NOT NULL
) ENGINE=InnoDB DEFAULT CHARSET=latin1 COLLATE=latin1_general_ci;

--
-- Дамп данных таблицы `order_items`
--

INSERT INTO `order_items` (`orderid`, `book_isbn`, `item_price`, `quantity`) VALUES
(1, '978-1-118-94924-5', '20.00', 1),
(1, '978-1-44937-019-0', '20.00', 1),
(1, '978-1-49192-706-9', '20.00', 1),
(2, '978-1-118-94924-5', '20.00', 1),
(2, '978-1-44937-019-0', '20.00', 1),
(2, '978-1-49192-706-9', '20.00', 1),
(3, '978-0-321-94786-4', '20.00', 1),
(1, '978-1-49192-706-9', '20.00', 1),
(5, '978-0-7303-1484-4', '20.00', 1),
(6, '978-1-118-94924-5', '20.00', 1),
(6, '978-1-484216-40-8', '20.00', 1),
(6, '978-1-44937-019-0', '20.00', 1),
(7, '978-0-7303-1484-4', '20.00', 3),
(7, '978-1-1180-2669-4', '20.00', 5),
(7, '978-1-44937-075-6', '20.00', 1),
(8, '978-0-7303-1484-4', '20.00', 1),
(9, '978-0-7303-1484-4', '20.00', 1),
(10, '978-1-118-94924-5', '20.00', 1),
(11, '978-0-7303-1484-4', '20.00', 5),
(11, '978-1-1180-2669-4', '20.00', 3),
(11, '978-1-484216-40-8', '20.00', 1),
(12, '978-0-7303-1484-4', '20.00', 1),
(12, '978-1-118-94924-5', '20.00', 3),
(12, '978-1-44937-019-0', '20.00', 1),
(12, '978-1-49192-706-9', '20.00', 1),
(12, '978-1-484216-40-8', '20.00', 1),
(13, '978-0-7303-1484-4', '20.00', 1),
(14, '978-1-44937-019-0', '20.00', 1),
(15, '978-1-44937-019-0', '20.00', 1),
(16, '978-1-44937-019-0', '20.00', 1),
(16, '978-0-321-94786-4', '20.00', 1),
(17, '978-0-7303-1484-4', '20.00', 3),
(17, '978-1-1180-2669-4', '20.00', 1),
(18, '978-1-118-94924-5', '20.00', 1),
(18, '978-0-7303-1484-4', '20.00', 2),
(18, '978-1-484216-40-8', '20.00', 1),
(19, '978-1-1180-2669-4', '20.00', 1),
(19, '978-1-44937-019-0', '20.00', 3),
(19, '978-1-4571-0402-2', '20.00', 2),
(20, '978-1-118-94924-5', '20.00', 2),
(20, '978-1-484216-40-8', '20.00', 3),
(21, '978-1-1180-2669-4', '20.00', 1),
(21, '978-1-4571-0402-2', '20.00', 3),
(22, '978-0-321-94786-4', '20.00', 2),
(22, '978-1-4571-0402-2', '20.00', 1),
(22, '978-0-7303-1484-4', '20.00', 4),
(23, '978-0-7303-1484-4', '20.00', 5),
(23, '978-1-118-94924-5', '20.00', 1),
(23, '978-1-4571-0402-2', '20.00', 3),
(24, '978-1-118-94924-5', '20.00', 1),
(25, '978-0-7303-1484-4', '20.00', 50),
(25, '978-1-1180-2669-4', '20.00', 60),
(26, '978-0-7303-1484-4', '20.00', 10),
(26, '978-1-1180-2669-4', '20.00', 33),
(27, '978-0-7303-1484-4', '20.00', 10),
(27, '978-1-1180-2669-4', '20.00', 33),
(28, '978-0-7303-1484-4', '20.00', 10),
(28, '978-1-1180-2669-4', '20.00', 33),
(29, '978-0-7303-1484-4', '20.00', 10),
(29, '978-1-1180-2669-4', '20.00', 33),
(30, '978-0-7303-1484-4', '20.00', 10),
(30, '978-1-1180-2669-4', '20.00', 33),
(31, '978-0-7303-1484-4', '20.00', 10),
(31, '978-1-1180-2669-4', '20.00', 33),
(32, '978-0-7303-1484-4', '20.00', 10),
(32, '978-1-1180-2669-4', '20.00', 33),
(33, '978-0-7303-1484-4', '20.00', 10),
(33, '978-1-1180-2669-4', '20.00', 33),
(34, '978-0-7303-1484-4', '20.00', 10),
(34, '978-1-1180-2669-4', '20.00', 33),
(35, '978-0-7303-1484-4', '20.00', 10),
(35, '978-1-1180-2669-4', '20.00', 33),
(36, '978-0-7303-1484-4', '20.00', 10),
(36, '978-1-1180-2669-4', '20.00', 33),
(37, '978-0-7303-1484-4', '20.00', 1),
(37, '978-1-118-94924-5', '20.00', 2),
(37, '978-1-1180-2669-4', '20.00', 3),
(38, '978-0-7303-1484-4', '20.00', 1),
(38, '978-1-118-94924-5', '20.00', 2),
(39, '978-0-7303-1484-4', '20.00', 3),
(40, '978-0-7303-1484-4', '20.00', 3),
(40, '978-1-1180-2669-4', '20.00', 1),
(41, '978-0-7303-1484-4', '20.00', 3),
(41, '978-1-1180-2669-4', '20.00', 1),
(42, '978-0-7303-1484-4', '20.00', 3),
(42, '978-1-1180-2669-4', '20.00', 1),
(43, '978-1-4571-0402-2', '20.00', 101),
(44, '978-1-4571-0402-2', '20.00', 101),
(45, '978-1-4571-0402-2', '20.00', 101),
(46, '978-1-4571-0402-2', '20.00', 101),
(47, '978-1-4571-0402-2', '20.00', 101),
(48, '978-1-4571-0402-2', '20.00', 101),
(49, '978-1-4571-0402-2', '20.00', 33),
(50, '978-1-4571-0402-2', '20.00', 33),
(51, '978-1-4571-0402-2', '20.00', 33),
(52, '978-1-4571-0402-2', '20.00', 33),
(53, '978-1-4571-0402-2', '20.00', 33),
(54, '978-1-4571-0402-2', '20.00', 33),
(55, '978-1-1180-2669-4', '20.00', 12),
(55, '978-1-484216-40-8', '20.00', 16),
(56, '978-1-1180-2669-4', '20.00', 95),
(57, '978-1-1180-2669-4', '20.00', 95),
(58, '978-1-1180-2669-4', '20.00', 96),
(59, '978-1-1180-2669-4', '20.00', 93),
(60, '978-1-1180-2669-4', '20.00', 100),
(61, '978-1-1180-2669-4', '20.00', 100),
(62, '978-1-1180-2669-4', '20.00', 100),
(62, '978-1-49192-706-9', '20.00', 1),
(63, '978-1-1180-2669-4', '20.00', 100),
(63, '978-1-49192-706-9', '20.00', 100),
(64, '978-1-1180-2669-4', '20.00', 93),
(64, '978-1-49192-706-9', '20.00', 100),
(65, '978-1-1180-2669-4', '20.00', 93),
(65, '978-1-49192-706-9', '20.00', 2),
(66, '978-1-1180-2669-4', '20.00', 40);

-- --------------------------------------------------------

--
-- Структура таблицы `publisher`
--

CREATE TABLE `publisher` (
  `publisherid` int(10) UNSIGNED NOT NULL,
  `publisher_name` varchar(60) COLLATE latin1_general_ci NOT NULL
) ENGINE=InnoDB DEFAULT CHARSET=latin1 COLLATE=latin1_general_ci;

--
-- Дамп данных таблицы `publisher`
--

INSERT INTO `publisher` (`publisherid`, `publisher_name`) VALUES
(1, 'Wrox'),
(2, 'Wiley'),
(3, 'O\'Reilly Media'),
(4, 'Apress'),
(5, 'Packt Publishing'),
(6, 'Addison-Wesley');

--
-- Индексы сохранённых таблиц
--

--
-- Индексы таблицы `admin`
--
ALTER TABLE `admin`
  ADD PRIMARY KEY (`name`,`pass`);

--
-- Индексы таблицы `books`
--
ALTER TABLE `books`
  ADD PRIMARY KEY (`book_isbn`);

--
-- Индексы таблицы `customers`
--
ALTER TABLE `customers`
  ADD PRIMARY KEY (`customerid`);

--
-- Индексы таблицы `mail`
--
ALTER TABLE `mail`
  ADD PRIMARY KEY (`id`);

--
-- Индексы таблицы `news`
--
ALTER TABLE `news`
  ADD PRIMARY KEY (`news_id`);

--
-- Индексы таблицы `orders`
--
ALTER TABLE `orders`
  ADD PRIMARY KEY (`orderid`);

--
-- Индексы таблицы `publisher`
--
ALTER TABLE `publisher`
  ADD PRIMARY KEY (`publisherid`);

--
-- AUTO_INCREMENT для сохранённых таблиц
--

--
-- AUTO_INCREMENT для таблицы `customers`
--
ALTER TABLE `customers`
  MODIFY `customerid` int(10) UNSIGNED NOT NULL AUTO_INCREMENT, AUTO_INCREMENT=90;

--
-- AUTO_INCREMENT для таблицы `mail`
--
ALTER TABLE `mail`
  MODIFY `id` int(10) NOT NULL AUTO_INCREMENT, AUTO_INCREMENT=32;

--
-- AUTO_INCREMENT для таблицы `news`
--
ALTER TABLE `news`
  MODIFY `news_id` int(10) NOT NULL AUTO_INCREMENT, AUTO_INCREMENT=17;

--
-- AUTO_INCREMENT для таблицы `orders`
--
ALTER TABLE `orders`
  MODIFY `orderid` int(10) UNSIGNED NOT NULL AUTO_INCREMENT, AUTO_INCREMENT=67;

--
-- AUTO_INCREMENT для таблицы `publisher`
--
ALTER TABLE `publisher`
  MODIFY `publisherid` int(10) UNSIGNED NOT NULL AUTO_INCREMENT, AUTO_INCREMENT=7;
COMMIT;

/*!40101 SET CHARACTER_SET_CLIENT=@OLD_CHARACTER_SET_CLIENT */;
/*!40101 SET CHARACTER_SET_RESULTS=@OLD_CHARACTER_SET_RESULTS */;
/*!40101 SET COLLATION_CONNECTION=@OLD_COLLATION_CONNECTION */;
